1252705786544812032, thatsoccerbabe_, Tue Apr 21 21:08:28 +0000 2020, -117.851089, 33.842863, Cada dia pienso en ti 
1252705786561773582, mikecontento23, Tue Apr 21 21:08:28 +0000 2020, -74.061580, 40.902251, Funny to watch the Boston sports scene (outside of @CannataColin) crumble as soon as it gets a little bit tough to‚Ä¶ https://t.co/V6L21S8MGv 
1252705787194994688, miliornelas, Tue Apr 21 21:08:28 +0000 2020, -122.081442, 37.396853, I guess people can be pretty on the outside and kinda suck on the inside 
1252705787488751618, theeproblem__, Tue Apr 21 21:08:28 +0000 2020, -95.446486, 29.838495, Bitch if you don‚Äôt have weed everytime I need it stop broadcasting that ‚Äúyou‚Äôre the plug‚Äù bitch gtf 
1252705787568324611, christa42, Tue Apr 21 21:08:28 +0000 2020, -73.682370, 40.829604, @AngieBuckland Its wonderful thank you so much devouring Joanna‚Äôs book now 
1252705787710894080, MelissaJLadner, Tue Apr 21 21:08:28 +0000 2020, -117.104989, 32.810012, @LabradorYuki Make cute walls! üòÇü§£üòπ 
1252705787790725121, CityBoiCoop, Tue Apr 21 21:08:28 +0000 2020, -83.804475, 27.698682, Why would you trade anything for Gronk?! 
1252705787547389953, sroche33, Tue Apr 21 21:08:28 +0000 2020, -74.031682, 41.513890, A buddy of mine dropped this off for me for an Easter gift. What do you give the man that has everything. blantons_‚Ä¶ https://t.co/2i3tXpTDAA 
1252705787295813632, HervGotti, Tue Apr 21 21:08:28 +0000 2020, -71.088712, 42.313670, @__mollypoppins https://t.co/YSl4yzNV2M 
1252705787518033920, ComplicateDove, Tue Apr 21 21:08:28 +0000 2020, -95.446486, 29.838495, @ChildOfTheTribe https://t.co/INWaDGSVXW 
1252705787912376320, TRodriguez_MPH, Tue Apr 21 21:08:28 +0000 2020, -71.378008, 41.877246, My stepdad is under mandatory quarantine at a facility bc he was exposed to a covid + patient, without enough PPE d‚Ä¶ https://t.co/KPtY0Ty5Gx 
1252705788294049793, fitnessmodelmom, Tue Apr 21 21:08:28 +0000 2020, -86.270540, 45.001180, @quotingtoday @thesecret @FitnessGurls @muscle_fitness @mandfhers @DailyFittGirls @WomensHealthMag @FBI @USMC @PlayboyMagSA Thank you 
1252705788658843648, MikeyGrowth, Tue Apr 21 21:08:28 +0000 2020, -84.541562, 33.588263, @LeahMyton Every single time. 
1252705789212590082, zibennejad, Tue Apr 21 21:08:28 +0000 2020, -100.076888, 31.168893, Polak stabbed and killed Esa with a tree branch and I‚Äôm scared 
1252705789229314051, MeekMace, Tue Apr 21 21:08:28 +0000 2020, -76.620482, 39.284713, all that nonchalant, lukewarm, dry energy is so 2019 and prior. excited hoes only 
1252705789304864770, CYD_cudi, Tue Apr 21 21:08:28 +0000 2020, -87.732013, 41.833585, @maddie__lena All the above 
1252705789417930752, EPipers, Tue Apr 21 21:08:29 +0000 2020, -122.630908, 45.536402, @paulazanelli Que o diga Charles Chaplin! 
1252705789547966464, hellomely1, Tue Apr 21 21:08:29 +0000 2020, -118.214044, 33.978926, @maluma Yay üíïüíã 
1252705789703266304, Mavolant, Tue Apr 21 21:08:29 +0000 2020, -79.420865, 38.003376, @DannyHoldsW Oh... didn‚Äôt notice 
1252705789753659393, nandoman14, Tue Apr 21 21:08:29 +0000 2020, -97.285913, 32.779967, @ImNathanBennett I stay using the Sony 85 f1.8. Zeiss 55mm is 1.8 is also a favorite. 
1252705789443072001, LHCSDReadiness, Tue Apr 21 21:08:29 +0000 2020, -117.924892, 33.889347, https://t.co/4sexuTBkhy 
1252705790097534977, TAndreani, Tue Apr 21 21:08:29 +0000 2020, -81.803052, 41.480418, @JohnMacDougal18 @JohnMagi @KevinLKlose @sandy_blades Me either 
1252705790131146759, NICOLESHONTAEE, Tue Apr 21 21:08:29 +0000 2020, -77.014398, 38.898603, @_PUREGXLD @allaboutkiiah_ exactly! my future husband probably in France somewhere waiting 4 meüò≠ 
1252705790143717377, luuuuuseeya, Tue Apr 21 21:08:29 +0000 2020, -75.508508, 39.649605, @yefffanie Bitch those 5‚Äô8 trolls you despise are gonna be out in full force at the bar and you know it! 
1252705790378405888, RogerThatZoya, Tue Apr 21 21:08:29 +0000 2020, -122.435979, 37.770657, You don‚Äôt say. But Trump said it was okay to protest.ü§∑üèº‚Äç‚ôÇÔ∏è 
1252705790760230912, SmoothElegance, Tue Apr 21 21:08:29 +0000 2020, -84.433106, 33.767195, Exactly smdh 
1252705791053721601, phoenix_tea, Tue Apr 21 21:08:29 +0000 2020, -112.124676, 33.552863, https://t.co/e1MluLbdbE 
1252705791284596737, keylomeparis, Tue Apr 21 21:08:29 +0000 2020, -90.158017, 32.230987, Oh hell nawl y‚Äôall got me fucked you mean to tell me a nigga went homeless and shit still ain‚Äôt change Shid America‚Ä¶ https://t.co/7gqIwi8VIW 
1252705791544635392, itsrichz, Tue Apr 21 21:08:29 +0000 2020, -74.271204, 40.521462, @AylinLinares2 @HOT97 Just need to throw that man away lol 
1252705791989018625, J_Laezy, Tue Apr 21 21:08:29 +0000 2020, -105.550890, 38.997936, @XxjackxX88 @quadtent @Big_Bear_3 @LeroyInsider Buddy I hate to break it to you but zooming in on my public profile‚Ä¶ https://t.co/JcIkmmApzu 
1252705792261861376, JakeTXRyan, Tue Apr 21 21:08:29 +0000 2020, -100.076888, 31.168893, Being spoiled is having @IsraelGarza5 and @jamlad591 in the same band 
1252705791804612609, _no_hoes_, Tue Apr 21 21:08:29 +0000 2020, -83.173867, 32.678207, @Tulones90s  üí¶ü•¥ https://t.co/UIhbJNjUYr 
1252705792379293697, MarieMaduemezi1, Tue Apr 21 21:08:29 +0000 2020, -78.748399, 42.907207, #TrumpCovid19Murderer üò∑ 
1252705792517701632, erickstevens82, Tue Apr 21 21:08:29 +0000 2020, -83.804475, 27.698682, @BelowAverageOPS Listen.   LISTEN.  I just don‚Äôt want to imagine Brady forcing targets to Gronk‚Äôs lumbering ass.  I‚Ä¶ https://t.co/mxe3dzSpFt 
1252705792815501313, BLACKCO80261580, Tue Apr 21 21:08:29 +0000 2020, -89.922029, 35.133521, @joy03108670 @Quideb65 @parscale @SpeakerPelosi Send some ahead for trump 
1252705793268428802, DarienLong1, Tue Apr 21 21:08:29 +0000 2020, -78.657837, 35.843981, Just cause we quarantine doesn‚Äôt mean that‚Äôs an excuse not to workout ü§∑üèΩ‚Äç‚ôÇÔ∏èü§∑üèΩ‚Äç‚ôÇÔ∏è 
1252705793406795784, AptDataServices, Tue Apr 21 21:08:29 +0000 2020, -95.446486, 29.838495, Looking forward to it! 
1252705792890998784, ltpuddin, Tue Apr 21 21:08:29 +0000 2020, -76.412963, 39.346576, The old man of the house....does he seem mad? üòÇüòÇüòÇ @FireWife_0624 https://t.co/xEu4CmLug1 
1252705793679536130, BrodySmoot, Tue Apr 21 21:08:30 +0000 2020, -85.182475, 32.804479, @Coach_Ashcraft Follow back Coach?? 
1252705793872482304, fernigc101, Tue Apr 21 21:08:30 +0000 2020, -98.317683, 26.208802, @pulte has anyone heard from Bill? Is he okay? 
1252705794119929856, cantfindlulu, Tue Apr 21 21:08:30 +0000 2020, -80.249773, 26.270261, yoooo guys go hit up my bestest friend she‚Äôs made me the dopest shit!! 
1252705794665013250, r__simone, Tue Apr 21 21:08:30 +0000 2020, -80.172410, 32.999979, @TyeaseMone_ @wifitokyo He really don‚Äôt care about teaching so he do any mf thing 
1252705794711261187, GarretNagle, Tue Apr 21 21:08:30 +0000 2020, -80.846785, 35.209059, Any game women in Charlotte n.c. ? 
1252705795348799491, chaarese, Tue Apr 21 21:08:30 +0000 2020, -74.985076, 39.710994, something about people calling me irritates me . why you think you can just call me üò≥ 
1252705795130773505, MelissaLGoforth, Tue Apr 21 21:08:30 +0000 2020, -80.926628, 33.631140, Thanks, @SCforEd! üë©‚Äçüè´üë®‚Äçüè´üó≥https://t.co/VfCwUsMnFt#voteabsentee #scpol #scpolitics #dumspirospero #scfored #sc2020‚Ä¶ https://t.co/QK8U7nLxnj 
1252705795860508677, Powerwagonusa, Tue Apr 21 21:08:30 +0000 2020, -111.997441, 40.678703, @TimJDillon @DoorDash Delivering orders to the wrong address must also be a top priority too 
1252705796007346183, MissyMaye23, Tue Apr 21 21:08:30 +0000 2020, -97.552161, 35.482844, ü§§ 
1252705796670054401, DranceBoogie, Tue Apr 21 21:08:30 +0000 2020, -71.421832, 41.817084, @mcaction2442 More than usual!! 
1252705796779098116, BillyGomila, Tue Apr 21 21:08:30 +0000 2020, -91.003814, 30.403719, @jake_nazar @RKalland You gotta have a teammate that's willing to hit the deck and count the 3 
1252705797009801217, ltyoja, Tue Apr 21 21:08:30 +0000 2020, -83.804475, 27.698682, ‚ÄúSometimes people like foolish people for the folly better than wise people for their wisdom.‚Äù-Elizabeth Gaskell 
1252705797072547840, teddiebgame, Tue Apr 21 21:08:30 +0000 2020, -122.489716, 38.297105, @sweatsntopknots Wa happened? 
1252706847049478147, coachrogers100, Tue Apr 21 21:12:41 +0000 2020, -120.882482, 47.273022, @Scout2462 @shelleyfinkler @apmaul @jjlittlebear @SHANEHURSH11 @mcneil_samuel @DewRogers324 Yeah I‚Äôm sure he is not‚Ä¶ https://t.co/XmBdtKyPE5 
1252706847972225024, Beaux_Banks, Tue Apr 21 21:12:41 +0000 2020, -118.411907, 34.020789, @roxybrookslords @andrewchristian Yaaaaaaaaaaaas 
1252706848043667456, RyleeeDiaz, Tue Apr 21 21:12:41 +0000 2020, -102.537128, 32.325061, Tyson knew I was having a bad day and surprised me with flowers &amp; tons of my favorite snacksüò¢ 
1252706848005853184, spookyskeelar, Tue Apr 21 21:12:41 +0000 2020, -73.296008, 40.712882, be there or be gay 
1252706848274288640, mamiluisa, Tue Apr 21 21:12:41 +0000 2020, -95.913642, 36.109392, @GochaSuper Mi hospital querido. 
1252706848375017473, xoxojamia, Tue Apr 21 21:12:41 +0000 2020, -76.948943, 38.823180, I‚Äôm tired 
1252706848555192320, Bfarrellatc, Tue Apr 21 21:12:41 +0000 2020, -92.061177, 30.206079, @itsDMCL https://t.co/OenNMeU6br 
1252706848781762562, wolfast, Tue Apr 21 21:12:41 +0000 2020, -81.956283, 35.058970, @Cicatrix13 https://t.co/40sNSlKgOi 
1252706849138323457, ChrisSCharlton, Tue Apr 21 21:12:41 +0000 2020, -81.725752, 33.532742, #NoOYO https://t.co/WIIs1XQtAK 
1252706849364860940, dobbinsal, Tue Apr 21 21:12:41 +0000 2020, -97.813645, 30.505958, Let me just post the text from mom.Daniel has a chest tube for draining. He will be on a breathing tube and a sto‚Ä¶ https://t.co/bkgzuqZEGY 
1252706849620733954, nc1capper, Tue Apr 21 21:12:41 +0000 2020, -78.657837, 35.843981, @MarshaBlackburn @Facebook Just worry about tenny , no hayseed suck ups needed here 
1252706849423589377, UtterlyBlue, Tue Apr 21 21:12:41 +0000 2020, -81.752241, 41.480975, Much appreciated. Much kisses üíã and hugs ü§ó #donation #auntielove #quarantine #covid_19 #mask #staysafe #stayhealthy‚Ä¶ https://t.co/SiGrOubrIm 
1252706850329387008, beachywoman51, Tue Apr 21 21:12:41 +0000 2020, -117.706310, 33.529449, @realDonaldTrump Fu asshole. You‚Äôre the President of the USA, not an f‚Äôn book salesman! 
1252706850342043655, iPbrown88, Tue Apr 21 21:12:41 +0000 2020, -95.446486, 29.838495, 1 
1252706850644123654, YoFavSong, Tue Apr 21 21:12:42 +0000 2020, -98.319925, 38.498196, car dates! üòç 
1252706851113877505, dougadler3, Tue Apr 21 21:12:42 +0000 2020, -74.322794, 40.307615, @RepMattGaetz @realDonaldTrump Right. Why would anyone think differently?? https://www.usat https://t.co/kh6ScynYCe‚Ä¶ https://t.co/4P1OoDqsth 
1252706851889852419, JennFredFOX29, Tue Apr 21 21:12:42 +0000 2020, -77.604684, 41.117936, I was on a sidewalk üòé 
1252706851981897728, Jaydubnash, Tue Apr 21 21:12:42 +0000 2020, -117.173571, 34.052874, @VFaz31 Wow, I agree. We all know and understand these are obviously unchartered waters. But to make a declaration‚Ä¶ https://t.co/j9a8BeoB2k 
1252706852116271105, whitwashere, Tue Apr 21 21:12:42 +0000 2020, -83.173867, 32.678207, Istg, too hurt üòÇüòÇ 
1252706852317560832, JahbRockfam, Tue Apr 21 21:12:42 +0000 2020, -73.948775, 40.655138, @Kepankep Sal ye la ? 
1252706852288200706, TeddyWestside65, Tue Apr 21 21:12:42 +0000 2020, -97.978221, 30.355857, @barstoolsports @stoolpresidente How many lines and laffy taffys you take before this 
1252706852246360065, lacelover_, Tue Apr 21 21:12:42 +0000 2020, -83.173867, 32.678207, lmao Bre i‚Äôm sicka uuuuu 
1252706852888084481, LibrarianCain, Tue Apr 21 21:12:42 +0000 2020, -97.188596, 31.455330, @ElJd004 @BaylorDiadeloso @HoleintheRoof üòÅ 
1252706852858728449, itskeylinda, Tue Apr 21 21:12:42 +0000 2020, -77.014398, 38.898603, @alexvilleda1994 You purchasing a house?  üëÄ 
1252706853546536961, mayataughtme, Tue Apr 21 21:12:42 +0000 2020, -79.272570, 43.629311, @chrissygrierson While she was hysterically crying üòÇ 
1252706853882134534, AlienOnBmx, Tue Apr 21 21:12:42 +0000 2020, -78.657837, 35.843981, im going find the spot on where we live at 
1252706853647052800, Darmstadt_Hyjal, Tue Apr 21 21:12:42 +0000 2020, -122.818486, 49.111519, @NeweggService Hey there, I was in queue for over an hour, and then the queue just stopped. Wait time at the start‚Ä¶ https://t.co/2pY7VoMs5g 
1252706854003769347, WillyMasterson, Tue Apr 21 21:12:42 +0000 2020, -90.513973, 36.046538, When Biden is elected President of the U.S., do you think Trump will move to another country to avoid prosecution?‚Ä¶ https://t.co/jQnoxRg8Ag 
1252706853433163778, alyssughjo, Tue Apr 21 21:12:42 +0000 2020, -121.375689, 38.604033, @eidola Thank you ‚ù§Ô∏è https://t.co/yZnNo9J4Hm 
1252706854192525322, linajeaguila, Tue Apr 21 21:12:42 +0000 2020, -100.293591, 25.641718, @akyanyme Rompiendo corazones üò¢ 
1252706855035506688, hector_cooreman, Tue Apr 21 21:12:43 +0000 2020, -103.233130, 25.244223, @danish_lugo Ambos üòÅ 
1252706856209805312, 96B6F5X, Tue Apr 21 21:12:43 +0000 2020, -117.104989, 32.810012, @irisquevedo6 KOmo la ve oigA? 
1252706855459196928, BillGallo2, Tue Apr 21 21:12:43 +0000 2020, -96.690937, 32.964484, Congrats Dre! He is our latest @LakeHighlandsHS Wildcat grad extraordinaire! His next step is to attend junior coll‚Ä¶ https://t.co/XnBQSgozI1 
1252706856302084096, BajaChasr, Tue Apr 21 21:12:43 +0000 2020, -117.397616, 33.935822, @Thirty9Trails @ZachtheKingsfan @jlock4820 @MandoHellion The more I think about the ST the more I find I don‚Äôt like‚Ä¶ https://t.co/kXTEjri6VD 
1252706856457211904, chefcatts, Tue Apr 21 21:12:43 +0000 2020, -120.862479, 37.499596, @6LBSofCarnitas Its by montara beach,half moon bay so beautiful....i miss going to beach for runs,and chillen... 
1252706856667164673, ManOfTheYear_34, Tue Apr 21 21:12:43 +0000 2020, -85.604962, 42.912768, @AB84 coming next watch ! üíØ 
1252706856486780928, EFisher828, Tue Apr 21 21:12:43 +0000 2020, -80.926628, 33.631140, @sean_barcellona Ahh that was a great day, beautiful pics man! I was up on Craggy that afternoon, I think we might‚Ä¶ https://t.co/P0tmulseDm 
1252706857338241024, JPavelec, Tue Apr 21 21:12:43 +0000 2020, -87.632496, 41.883222, Now even my #chocolate is mocking me #booktheflight #stayhome @ Chicago, Illinois https://t.co/193QSO4PfS 
1252706857132724229, BenDuBose, Tue Apr 21 21:12:43 +0000 2020, -95.446486, 29.838495, That mask. üî• üî• üî• https://t.co/7m5ajlds5T 
1252706857707352070, JackieCreech4, Tue Apr 21 21:12:43 +0000 2020, -79.420865, 38.003376, No 
1252706858256793604, matchtaylor, Tue Apr 21 21:12:43 +0000 2020, -80.846785, 35.209059, I just don‚Äôt see it. 
1252706858206482437, TjThermezi, Tue Apr 21 21:12:43 +0000 2020, -83.804475, 27.698682, Love hearing this 
1252706858269368320, JamieP01329606, Tue Apr 21 21:12:43 +0000 2020, -73.972455, 40.848333, Actually I think she is listening to Michele Obama with the rest of the kids. 
1252706858411982850, keswick1, Tue Apr 21 21:12:43 +0000 2020, -79.857363, 36.090397, America‚Äôs ruling class has depended on protest and racial violence to ‚Äú keep people in their place‚Äù since the 1800‚Äô‚Ä¶ https://t.co/qAs1uDmtYF 
1252706857669595138, TheGayGaston, Tue Apr 21 21:12:43 +0000 2020, -73.968542, 40.780709, How many naked selfies is too many naked selfies? Check out https://t.co/irpnP98G2h for the answer #Naked #NakedMen https://t.co/PoLqa1O80p 
1252706858755854336, Young_____Simba, Tue Apr 21 21:12:43 +0000 2020, -90.645531, 33.445233, Edelman cool though but he shouldn‚Äôt feel a way at all 
1252706858697097216, jefstark, Tue Apr 21 21:12:43 +0000 2020, -86.027200, 42.826100, Happy hour doesn't require a mask like work. Cheers! - Drinking a Voodoo Ranger Starship IPA by @newbelgium at‚Ä¶ https://t.co/qxnpF6DWa9 
1252706858940469249, KaylaaXO16, Tue Apr 21 21:12:43 +0000 2020, -100.076888, 31.168893, üòÇüòÇüòÇüòÇüòÖ I have a bad feeling I‚Äôm getting set up or some shit.ü§£ idk like it. ü§£ü§£ü§£ü§£ü§£ 
1252706859154378753, JayyJoness_, Tue Apr 21 21:12:44 +0000 2020, -76.295896, 36.763216, @haha_jordy https://t.co/Vkith4I8H6 
1252706859611385856, redxngels, Tue Apr 21 21:12:44 +0000 2020, -109.103726, 25.921947, Uy pues perd√≥n se√±orita perfecta. 
1252706859506716681, Ace11076, Tue Apr 21 21:12:44 +0000 2020, -74.891760, 40.027676, @Budman922 
1252706859741597696, DenisDvezine, Tue Apr 21 21:12:44 +0000 2020, -71.341059, 46.855857, Demi Lovato utilise un compte Instagram secret pour insulter Selena Gomez https://t.co/8ETGEr25BN 
1252708173158350848, YoungPappi96, Tue Apr 21 21:17:57 +0000 2020, -111.671789, 40.248646, @Angel_barca96 Let's go shooting somtime,  don't you have some guns too ? 
1252708173351247872, tmj_GAS_NURSING, Tue Apr 21 21:17:57 +0000 2020, -81.783167, 32.448788, If you're looking for work in Statesboro, GA, check out this job: https://t.co/RJ9m7E0yfw #rn #rnjobs 
1252708173372366849, jbeckwithjr, Tue Apr 21 21:17:57 +0000 2020, -86.791549, 36.200008, @annedemonium No, just Pats and Brady 
1252708173221203968, stupidsexybruin, Tue Apr 21 21:17:57 +0000 2020, -123.123581, 49.257639, He need (((À¢·µñ·µÉ·∂ú·µâ)) https://t.co/GItPphAUSz 
1252708173682741257, LyricisticSeph, Tue Apr 21 21:17:57 +0000 2020, -96.863795, 32.604153, I hope y‚Äôall know this virus is a hoax. Hospitals are being told to put COVID-19 positive on any and all death cert‚Ä¶ https://t.co/MajzCny0fA 
1252708174525800448, anderwol1, Tue Apr 21 21:17:57 +0000 2020, -74.184848, 40.734494, @ByVaaal Sabes si se puede pagar el onlyfans por PayPal) ? O pagarte ATI directamente? 
1252708174551035905, ft_mika_, Tue Apr 21 21:17:57 +0000 2020, -73.831187, 40.670879, @JazzUNGang Omggggeeee!!! 
1252708174546849800, intheknow_4U, Tue Apr 21 21:17:57 +0000 2020, -97.103139, 33.030083, @annkozma723 @Flipgrid I‚Äôm wanting my students to do a Show &amp; Tell for a program game that they just wrote.  I want‚Ä¶ https://t.co/ZYJ3kmK9gb 
1252708174790098945, MarkTreyger718, Tue Apr 21 21:17:57 +0000 2020, -73.948775, 40.655138, @UrsulinaR @MichaelElsenRoo @madinatoure @NYCSchools Additionally, did DOE # account for kids in need in non-public schools? 
1252708174974586880, erikavd96, Tue Apr 21 21:17:57 +0000 2020, -80.428182, 25.610864, üòÇ 
1252708175276658690, MicheleErnatt, Tue Apr 21 21:17:57 +0000 2020, -83.157747, 42.507218, @anthonyshock Best part of his day ü•∞ 
1252708175146434560, DanJackson415, Tue Apr 21 21:17:57 +0000 2020, -122.228685, 37.791994, @baznet lol now what https://t.co/gohEyxHbkP 
1252708176136462336, TylerSavingVice, Tue Apr 21 21:17:58 +0000 2020, -73.082250, 44.501816, @DuckAlertsNOW nightmare shit 
1252708176018972672, jawnrx, Tue Apr 21 21:17:58 +0000 2020, -73.948775, 40.655138, yes I‚Äôm a halsey (bisexual) 
1252708176312463361, Stephbuen_, Tue Apr 21 21:17:58 +0000 2020, -122.228685, 37.791994, Hate thinking about lyrics and having to think so hard about what song it‚Äôs from üòÇ 
1252708176304226305, edmolina70, Tue Apr 21 21:17:58 +0000 2020, -100.293591, 25.641718, Me encanta ella 
1252708176455229442, nelson041609, Tue Apr 21 21:17:58 +0000 2020, -83.099288, 42.352787, I endorse Joe Biden for President and so do my family and friends. It is vital that we do all we can to get that cr‚Ä¶ https://t.co/rbKT3jz10K 
1252708176698507264, brandon_pabst, Tue Apr 21 21:17:58 +0000 2020, -76.069946, 36.802541, These people view themselves as your superior. 
1252708176912408582, EllisIslandNJ, Tue Apr 21 21:17:58 +0000 2020, -74.085300, 40.696000, Ellis Island NJ Tue Apr 21st PM Forecast: TONIGHT Chance Of T-Storm Lo 35 WEDNESDAY Sunny Hi 51 
1252708177134653441, mike_marcotte, Tue Apr 21 21:17:58 +0000 2020, -93.262046, 44.970610, This is an idea of what post-COVID airplanes could look like. Thoughts? https://t.co/0QpO1KWqHM 
1252708177797210112, sholden5, Tue Apr 21 21:17:58 +0000 2020, -112.124676, 33.552863, @SenTomCotton Hateful f$$k 
1252708177738715137, TomBraggSports, Tue Apr 21 21:17:58 +0000 2020, -81.772527, 38.428635, I‚Äôm a sucker for at home offensive line content 
1252708177558331393, LyndaBain7, Tue Apr 21 21:17:58 +0000 2020, -84.216223, 40.038750, Roxie really wants to go outside for a walk  But mommy says it‚Äôs just too windy today sigh!!!! https://t.co/XdYp4nJG9o 
1252708179370262530, chickenthuggete, Tue Apr 21 21:17:58 +0000 2020, -87.922356, 42.106045, @gabriella_KGP They can be fined no que no? Call the popo on their ass periodt $1000 each fined 
1252708178887766016, MaryBernstein14, Tue Apr 21 21:17:58 +0000 2020, -121.979527, 37.523645, @JayC1l @BluehandRising @TeddyHatesEU @Joeblogs4209 @Tony_Yorkshire @anoldbaglady @Tony67438501 @matttheseasider‚Ä¶ https://t.co/z4g2ha7og1 
1252708179621732353, BatMorda, Tue Apr 21 21:17:58 +0000 2020, -118.411907, 34.020789, @tonyposnanski All.The.Cookies. 
1252708179840040961, NicoleZimmer77, Tue Apr 21 21:17:58 +0000 2020, -85.850282, 42.530582, The third trimester really does some shit to one‚Äôs self image lol 
1252708180364328960, RalphPotsy, Tue Apr 21 21:17:59 +0000 2020, -80.984344, 43.368880, @TomPaineToday @brianrayguitar Do these yahoos realize how stupid they look to the rest of the sane world? 
1252708181706330112, 805autumn, Tue Apr 21 21:17:59 +0000 2020, -123.279343, 44.569246, I wanna buy swimsuits but who knows if summer will@exist 
1252708177738678272, kendallynd12, Tue Apr 21 21:17:58 +0000 2020, -86.383248, 39.856367, @zoefrossard Love u 
1252708180179574785, negativenegro, Tue Apr 21 21:17:59 +0000 2020, -104.922093, 39.713563, @9NEWS my friend @cabuchsy is a Denver native and a local comedian trying to stitch together a living like everybod‚Ä¶ https://t.co/M7JDvgZ3Wc 
1252708182335590401, tjrum, Tue Apr 21 21:17:59 +0000 2020, -82.342269, 34.795941, Thank you üôèüèº 
1252708182369107974, Freehold_NJ, Tue Apr 21 21:17:59 +0000 2020, -74.300700, 40.222900, Freehold NJ Tue Apr 21st PM Forecast: TONIGHT Chance Of Showers Lo 31 WEDNESDAY Sunny Hi 51 
1252708182612299776, sfmovingroovin, Tue Apr 21 21:17:59 +0000 2020, -122.391070, 37.760600, My @sfgiants slippers arrived today! üôåüèΩYippppeeee...I‚Äôm so ready for good ol‚Äô baseball ‚öæÔ∏è now!! #sfgiants #sf‚Ä¶ https://t.co/Z7ia2h3bQe 
1252708183262392321, ilovelouso, Tue Apr 21 21:17:59 +0000 2020, -118.411907, 34.020789, @monpetitsun they really do!! honestly buzz bars are so fucking good and last me maybe two and are cheaper so‚úåÔ∏è‚úåÔ∏è 
1252708183174496256, j_a_n_e_t_00, Tue Apr 21 21:17:59 +0000 2020, -93.377416, 45.180106, we simply don‚Äôt have enough housing for even underclassmen, selling the other old dorms was a low 
1252708183262535682, WGTabletop, Tue Apr 21 21:17:59 +0000 2020, -97.754724, 30.323346, @gshowitt Thanks for sharing, this is brutal. And I've read a lot of fan made GURPS based systems 
1252708183287660547, poldragonfly, Tue Apr 21 21:17:59 +0000 2020, -82.447160, 28.219121, Ohhh my...WTH people!!! I Limit myself  10 min news check ins a day &amp; my heart is still breaking over how some poli‚Ä¶ https://t.co/GHANJpYx75 
1252708183426109440, wilkey_richard, Tue Apr 21 21:17:59 +0000 2020, -82.700116, 34.792575, üòÅüòÅüòÅ 
1252708183740743683, southboy_717, Tue Apr 21 21:17:59 +0000 2020, -77.604684, 41.117936, WE Always Win You Get What You Give. Be At Peace, Heal, &amp; Grow..ü§ûüèæüôèüèæ 
1252708184571162631, mylaaaa_, Tue Apr 21 21:18:00 +0000 2020, -83.099288, 42.352787, Minnie Riperton‚Äôs voice was exceptionally beautiful. Ahead of her time 
1252708184738934784, nan_830, Tue Apr 21 21:18:00 +0000 2020, -87.732013, 41.833585, @marangiit true naman hehe üíõüíõ 
1252708185191985152, ConnorFeezy, Tue Apr 21 21:18:00 +0000 2020, -80.233328, 25.782353, @ScottieRozz Lmao I laughed hard at this Rozz 
1252708185745567745, GreenvilleNJ, Tue Apr 21 21:18:00 +0000 2020, -74.085300, 40.696000, Greenville NJ Tue Apr 21st PM Forecast: TONIGHT Chance Of T-Storm Lo 35 WEDNESDAY Sunny Hi 51 
1252708186328424449, kristina_vash, Tue Apr 21 21:18:00 +0000 2020, -117.580036, 33.979343, This looks amazing! ü§£ 
1252708186664005632, DianaRosengard, Tue Apr 21 21:18:00 +0000 2020, -122.824936, 45.859057, @Bibliogato @LadyNeeko Yep. This keeps happening to me, too. 
1252708186504736769, RunAwayBill, Tue Apr 21 21:18:00 +0000 2020, -75.987671, 36.848840, Virginia Beach, Virginia - I discovered some human tree-nesters while on a walk today to  photograph s semi-hidden‚Ä¶ https://t.co/9xYyrdXBBS 
1252708186991341568, daltonweist7, Tue Apr 21 21:18:00 +0000 2020, -86.441236, 39.766555, @GGJoneseyy Solid 7/10 smokers don‚Äôt know how to roll or pass a wood properly is why üòÇ 
1252708187125567494, TannerJRoyal, Tue Apr 21 21:18:00 +0000 2020, -73.925900, 40.772200, -CHEERS TO ALL THE LEFTOVERS FROM YESTERDAY*-üòèüòÅüòà*-ORIGINAL MUSIC AVAILABLE ON https://t.co/bKZd4lIme6*-I HOPE‚Ä¶ https://t.co/D6eOUIFuGv 
1252708187620458498, chrisfino, Tue Apr 21 21:18:00 +0000 2020, -73.968542, 40.780709, @T_Dwyer Andre Miller? 
1252708187699990528, Shawn43266614, Tue Apr 21 21:18:00 +0000 2020, -105.128188, 39.820206, #CabalTakedown 
1252708188224393224, 7HONCHO7, Tue Apr 21 21:18:00 +0000 2020, -90.011008, 29.982601, Staying happy is a MUST.praying is a MUST.ignoring negativity is a MUST.staying focus is a MUST.remaining humble &amp; grateful is a MUST. 
1252708188140507138, _paymon, Tue Apr 21 21:18:00 +0000 2020, -86.142922, 39.779562, @Ascripture24 I love everything about this, keep grinding :) 
1252708188283187200, PaperstacksHit, Tue Apr 21 21:18:00 +0000 2020, -84.314792, 33.706392, He special ed 
1252708187725152256, Kat_Baybay, Tue Apr 21 21:18:00 +0000 2020, -155.985250, 19.664579, @pessimisticone1 @MichelleRFair @FireflyRaine @OhSoFrieda @E_ShaManagement @only_a_bill @NayaBLorde @puffnstuff08‚Ä¶ https://t.co/LSxE1Im6RY 
1252708188765319168, BrooksSanderso2, Tue Apr 21 21:18:01 +0000 2020, -115.038337, 36.006256, @Picklec_chips yea I have one what‚Äôs your point 
1252708188828229632, PattyChocMilk, Tue Apr 21 21:18:01 +0000 2020, -118.411907, 34.020789, @thomaskaine5 Nnnnnnnnnope 
1252708183346278401, anijahboyd, Tue Apr 21 21:17:59 +0000 2020, -115.061127, 36.184754, I really felt this 
1252708189268840454, GuttenbergNJ, Tue Apr 21 21:18:01 +0000 2020, -74.011200, 40.787900, Guttenberg NJ Tue Apr 21st PM Forecast: TONIGHT Chance Of T-Storm Lo 35 WEDNESDAY Sunny Hi 51 
1252708188799078402, OhHeyImWhitni, Tue Apr 21 21:18:01 +0000 2020, -95.446486, 29.838495, https://t.co/iAySSgSSgE 
1252708189579227136, YoitsGilly, Tue Apr 21 21:18:01 +0000 2020, -97.935192, 29.895606, @richiesuavee Preciate it big bro üí™üèæ 
1252708184252350464, TrevorRogers_1, Tue Apr 21 21:17:59 +0000 2020, -97.445173, 35.222301, Wut 
1252708190044794880, 0ffenT, Tue Apr 21 21:18:01 +0000 2020, -83.173867, 32.678207, @Scramble4yt Yeah unless they just misconstrued the definition and stuff, but who would do that? I‚Äôve never seen th‚Ä¶ https://t.co/Gbj20ezqAP 
1252708190350966791, fstanfordmd, Tue Apr 21 21:18:01 +0000 2020, -71.088712, 42.313670, @KorinMiller @arghavan_salles Thanks so much! 
1252708190677950464, panamaredhat, Tue Apr 21 21:18:01 +0000 2020, -122.633370, 38.244454, @DaveToke @andreasgraf Faith-based Hydrogen? 
1252708190468354049, Vahamilton96, Tue Apr 21 21:18:01 +0000 2020, -84.372740, 39.112886, If this happens, I will have a bonfire of @MiamiDolphins gear and buy myself a Mahomes Jersey. 
1252708190283857920, sussy44, Tue Apr 21 21:18:01 +0000 2020, -80.369153, 25.825643, @Raulinvasor @CejaTigre Pero un depto legal.. no ser√≠a lo mismo si fuera Miguel 
1252708191206506500, iHateKwame, Tue Apr 21 21:18:01 +0000 2020, -80.926628, 33.631140, Auntie hit the work oh lordy 
1252708191487614978, LNHSNFL, Tue Apr 21 21:18:01 +0000 2020, -92.436774, 38.304558, Bilingual??? I see you Briggs!! #BringingWords2Lyfe #ShareTheGoodLPS #InThisTogetherLPS @LPSFineArts 
1252708191789412352, alicat8899, Tue Apr 21 21:18:01 +0000 2020, -111.888700, 40.612215, @kelsey_conlon i‚Äôd have to bleach my hair first and that scares me 
1252708191328243713, thejoeyquest, Tue Apr 21 21:18:01 +0000 2020, -73.935049, 40.843814, This is my childhood https://t.co/rXgpMhyqW6 
1252708191768580102, xtheyLOVEashxo, Tue Apr 21 21:18:01 +0000 2020, -73.292677, 40.755195, You know how many times a girlfriend hmu going off.. whole time I don‚Äôt want the nigga/ ignore him &amp; he‚Äôs the one b‚Ä¶ https://t.co/lqxnLkm6hM 
1252708192368410626, NJHoboken, Tue Apr 21 21:18:01 +0000 2020, -74.032000, 40.745300, Hoboken NJ Tue Apr 21st PM Forecast: TONIGHT Chance Of T-Storm Lo 35 WEDNESDAY Sunny Hi 51 
1252708181865902082, _Savannah96, Tue Apr 21 21:17:59 +0000 2020, -83.746423, 42.796875, Someone please make me delete Timehop from the months of February-May, because me seeing pictures of me playing, bu‚Ä¶ https://t.co/SptuJWml8c 
1252708192884326402, queensaniia, Tue Apr 21 21:18:02 +0000 2020, -84.515786, 33.846765, 1 
1252708193454764033, DrPopCultureBG, Tue Apr 21 21:18:02 +0000 2020, -81.490914, 41.519737, @jeffs_comics Check out the videos on creator Doug Wildey on YouTube 
1252708193576251392, jayaysus, Tue Apr 21 21:18:02 +0000 2020, -118.411907, 34.020789, I was today years old when I found out 
1252708193626664961, therealDSnydes, Tue Apr 21 21:18:02 +0000 2020, -72.663160, 41.657556, Jules you ok? @Edelman11 @katienolan 
1252708193697853440, AlexKnight_1991, Tue Apr 21 21:18:02 +0000 2020, -118.325145, 34.182160, @SarcasmStardust They're not our friends. 
1252708193886769154, gregoire_meghan, Tue Apr 21 21:18:02 +0000 2020, -70.960344, 43.309107, It‚Äôs a good day to be a Gronk fan 
1252708193807011840, jonah_n, Tue Apr 21 21:18:02 +0000 2020, -79.616073, 43.555244, Health care worker confuses ‚ÄúPatriot‚Äù for Postmates driver. 
1252708193936924672, beautcrew, Tue Apr 21 21:18:02 +0000 2020, -116.519331, 48.310921, @AnitaCheeks1 @Sunnyp76 @mariecasey216 ü§óü§óGood luck!! 
1252708194612322308, hecallsmePP, Tue Apr 21 21:18:02 +0000 2020, -76.620482, 39.284713, @megveg When it‚Äôs baked? 
1252708195060994048, SenorBlazer, Tue Apr 21 21:18:02 +0000 2020, -118.036983, 33.818910, @UCLAKerim @jadamsstanley I‚Äôm not sure who the Women‚Äôs AD is to be honest lol 
1252708195157475329, pdxpolicelog, Tue Apr 21 21:18:02 +0000 2020, -122.630472, 45.562291, UNWANTED PERSON at 5400 NE 33RD AVE, PORT [Portland Police #PP20000129905] 14:03 #pdx911 
1252708195379920896, SierraN5487, Tue Apr 21 21:18:02 +0000 2020, -83.804475, 27.698682, All I want is a yard big enough to have fruit trees 
1252708195367292928, jmolich, Tue Apr 21 21:18:02 +0000 2020, -79.861034, 35.170499, Important that @FortuneMagazine draws attention to this issue. Fortunately, you are hard at work @MJuhas, developin‚Ä¶ https://t.co/AS66NZE9Ft 
1252708195748982785, NiceDrewishFela, Tue Apr 21 21:18:02 +0000 2020, -80.926628, 33.631140, @RozzelcopterTV @hutchinson @AnybodyButUNC Not sure you understand what History is. 
1252708195945943040, DANAFLEYSER, Tue Apr 21 21:18:02 +0000 2020, -115.234435, 36.018805, @joseluisdamico1 üôèüèª 
1252708196294127616, DamiianManzo, Tue Apr 21 21:18:02 +0000 2020, -118.411907, 34.020789, @AC_Roald @LaurenzoSmalls this penguin lol 
1252708196373970947, sultanchris1, Tue Apr 21 21:18:02 +0000 2020, -72.929158, 41.298394, I think I need a drink tonight. Friends wya 
1252708196625645569, NEW9INE, Tue Apr 21 21:18:02 +0000 2020, -83.173867, 32.678207, @wheresrikko @AshyMalik Boi got 1 followers 
1252708195530915840, JoshPorterBGKY, Tue Apr 21 21:18:02 +0000 2020, -85.768241, 37.822244, @bghs_2020 Day 2 Challenge - Senior yard sign, my favorite event (the Commons is a lively, fun environment filled w‚Ä¶ https://t.co/4Svn6JdjNa 
1252708197342892034, hannahvwarren, Tue Apr 21 21:18:03 +0000 2020, -83.399779, 33.956384, Siri, why do my students keep using the word ‚Äúfeministic‚Äù instead of ‚Äúfeminist‚Äù in their critical essays 
1252708197334421504, carlosacabreraz, Tue Apr 21 21:18:03 +0000 2020, -84.340338, 34.041212, @josefgonzalezm Adi√≥s malta 
1252708197401591815, Jersey_CityNJ, Tue Apr 21 21:18:03 +0000 2020, -74.077500, 40.728600, Jersey City NJ Tue Apr 21st PM Forecast: TONIGHT Chance Of T-Storm Lo 35 WEDNESDAY Sunny Hi 51 
1252708197334474754, DeadlyBeckyFan, Tue Apr 21 21:18:03 +0000 2020, -80.926628, 33.631140, @Dee_Banks589 I'm not lying. I'm not gonna say there names because I'm not like that. She is someone I've went to b‚Ä¶ https://t.co/iTZ8njF4wf 
1252708197472899072, laylaelisce21, Tue Apr 21 21:18:03 +0000 2020, -89.876449, 32.571032, stay braided up that entire monthüò≠ü•¥ 
1252708197502156802, dsteding, Tue Apr 21 21:18:03 +0000 2020, -82.755341, 27.992711, Typical garbage from @politico trying to level the field for Sleepy.  Trump in a landslide 
1252708197661585408, acciopage394, Tue Apr 21 21:18:03 +0000 2020, -74.118802, 40.936252, Ya know my family foreign as fuck cause my mother just said an accordion is a more common instrument than a piano or a guitar lmaoooo 
1252708197166723073, BlaineBershad, Tue Apr 21 21:18:03 +0000 2020, -71.683502, 42.036939, @BriansNewHeart @billmcNichols54 @BillResister @billythewicked @BitchieBootie @BKlopp @bkthedunes @blackjackmass‚Ä¶ https://t.co/bV0jmMVpWC 
1252708302204649472, LoveBeck9, Tue Apr 21 21:18:28 +0000 2020, -75.117998, 40.004866, @Djxblessed @scytheslam @ThickBeardPapi This guy 
1252708302200455170, kYm_gaIa, Tue Apr 21 21:18:28 +0000 2020, -75.117998, 40.004866, DEAAAD 
1252708302275981317, realJosephOdish, Tue Apr 21 21:18:28 +0000 2020, -83.377181, 42.484279, @Jackwraith @Ed_Cohen6 @JRAMNOTTHAGOAT Guys, fyi. Remember yesterday I recommended The Last Kingdom, a very well do‚Ä¶ https://t.co/fb1Qc7akL1 
1252708301550358529, ShopNewark, Tue Apr 21 21:18:27 +0000 2020, -74.184848, 40.734494, #ShopNewark Partner Urban Agriculture Co-Op connects local growers to empowered urban consumers to improve the loca‚Ä¶ https://t.co/sXZdzUlnaO 
1252708304146464768, AbbeyReedus, Tue Apr 21 21:18:28 +0000 2020, -118.411907, 34.020789, STAGE DIRECTIONS OF MY LIFE: @JanaeHarabedian ABBEY (blue) sitting in the passenger seat drinking a smoothie won‚Ä¶ https://t.co/kCWKSevZbn 
1252708304360480768, Outdoorsman2019, Tue Apr 21 21:18:28 +0000 2020, -74.879023, 44.931050, Almost at my vacation. Almost. 
1252708304406667264, TyWookong, Tue Apr 21 21:18:28 +0000 2020, -75.953036, 39.609703, @starsalts Absol and mightyena one is my favüòÇ 
1252708304645750784, DesirreAndrews, Tue Apr 21 21:18:28 +0000 2020, -104.789327, 38.888519, I‚Äôm emotionally exhausted. Beyond my imagination. It‚Äôs not tge staying home, it‚Äôs doing life as if things are normal. 
1252708304230518785, GregoryGLake, Tue Apr 21 21:18:28 +0000 2020, -118.399639, 34.082497, @WendyRobling #LeonaHelmsley The REAL "Queen of Mean"'Only the Little People       Pay Taxes!'Hmmm So #Ellen‚Ä¶ https://t.co/LNWyHLTvB1 
1252708304691720192, DatDamnPolo, Tue Apr 21 21:18:28 +0000 2020, -95.192680, 29.972668, NFL on some NBA shit 
1252708305081970690, DavidSandbeck, Tue Apr 21 21:18:28 +0000 2020, -93.044991, 44.963825, @NPR Nice Polite Republicans!Maybe they are safer at home for now.They should be getting paid dignified wages a‚Ä¶ https://t.co/7HJuP2F6oQ 
1252708305258065921, jaefsa, Tue Apr 21 21:18:28 +0000 2020, -105.641519, 26.928246, I was out cycling 22.20 km with #Endomondo #endorphins https://t.co/zpYosBjWsc 
1252708305493004296, Bjpowernaps, Tue Apr 21 21:18:28 +0000 2020, -98.061965, 26.189108, @jvillaa6 Just don‚Äôt wanna see the gs warriors type shit in the nfl lol 
1252708305497178113, MzLauraHurcomb, Tue Apr 21 21:18:28 +0000 2020, -94.680937, 38.984145, 3 Robins @ Historic Overland Park, Overland Park https://t.co/GcVSCiI3J0 
1252708306038263808, Firesetmefree, Tue Apr 21 21:18:29 +0000 2020, -88.807778, 43.002944, If you want your children to grow up loving religion, don‚Äôt shove it down their throats. They will view it as a cho‚Ä¶ https://t.co/tBgxvSEa43 
1252708306608549888, Stewphotography, Tue Apr 21 21:18:29 +0000 2020, -123.208568, 49.229346, @ianjamesyoung70 @Goldmund8 LOL, I think I'll avoid supermarkets like that. 
1252708306814197760, Albia_NY, Tue Apr 21 21:18:29 +0000 2020, -73.604900, 42.747800, Albia NY Tue Apr 21st PM Forecast: TONIGHT Chance Of Showers Lo 29 WEDNESDAY Mostly Sunny Hi 45 
1252708306646433793, trytostopJane, Tue Apr 21 21:18:29 +0000 2020, -94.279122, 39.014860, #IMissObama #IMissObama #IMissObama #IMissObama #IMissObama #IMissObama #IMissObama #IMissObama #IMissObama‚Ä¶ https://t.co/18TpCYEP4J 
1252708306843549698, BillyBrewsky, Tue Apr 21 21:18:29 +0000 2020, -73.968542, 40.780709, @LeroyInsider Leroy the blind sniper! 
1252708307132977153, becher_casey, Tue Apr 21 21:18:29 +0000 2020, -80.258138, 26.331723, @USNSkipper @casforachange @mamazen123 @Ouyevolitub @RateCulture @CNN ‚ÄúA trans‚Äù Lol 
1252708307074252802, TorontoKobus, Tue Apr 21 21:18:29 +0000 2020, -79.272570, 43.629311, .@hscoffield @SusanDelacourt @ChantalHbert @althiaraj @hainsworthtv I haven't met @CFIB @EvanLSolomon yet either. I‚Ä¶ https://t.co/sOVrOpP7sR 
1252708307371868160, MorgBGreat, Tue Apr 21 21:18:29 +0000 2020, -122.330602, 47.614817, therapy for the babies 
1252708307770527745, BigRyRyL, Tue Apr 21 21:18:29 +0000 2020, -94.378332, 39.088004, https://t.co/FbMQTcj3Vu 
1252708307896238083, madnan_rafiq, Tue Apr 21 21:18:29 +0000 2020, -71.052126, 42.405331, Has anyone figured out @jetbrains reshaper slowness in visual studio in large solution. 
1252708307904716807, DopevibesTV, Tue Apr 21 21:18:29 +0000 2020, -100.000000, 31.000000, Come check out my stream @bloodyearlyhour:30pm mountain üèî time today link is on my bio !!!also j my social media pl‚Ä¶ https://t.co/Lk0kxeQYhD 
1252708308202356737, joeysox1952, Tue Apr 21 21:18:29 +0000 2020, -87.729015, 42.079288, @JamesJrock36 You‚Äôre turning into an Alta Cocker like me. Who is next on your list Aunt Bea. 
1252708308311519233, kaiqueolivso, Tue Apr 21 21:18:29 +0000 2020, -83.804475, 27.698682, q no√ßao ne kkk 
1252708306772209665, ericnic31, Tue Apr 21 21:18:29 +0000 2020, -87.732013, 41.833585, VAULT VOL 002OUT NOW!!Stream via @Spotify https://t.co/iBvkRRjNpy 
1252708309053784064, senuora_jojo, Tue Apr 21 21:18:29 +0000 2020, -111.135516, 32.388011, Tell/ ŸÖŸà ŸÜÿßÿ∑ÿ±ÿ© ÿ¥ŸäüòÇ 
1252708308877824000, rogerdan5, Tue Apr 21 21:18:29 +0000 2020, -73.948775, 40.655138, Isn‚Äôt it about time for the Trump administration to drop, oh say 10 million, on every shyster evangelical preacher?? 
1252708309586579462, ACEedu, Tue Apr 21 21:18:29 +0000 2020, -87.732013, 41.833585, @dkreiness A huge congratulations, Dr.! 
1252708309678927873, CafeMutant, Tue Apr 21 21:18:29 +0000 2020, -87.732013, 41.833585, @brittan13393203 Man that looks good! Im gonna have to hire you to come cook for me üòâ 
1252708309712265218, GoldensHag, Tue Apr 21 21:18:29 +0000 2020, -122.228685, 37.791994, @RickPaulas @FINALLEVEL Dude don‚Äôt besmirch Drowning Pool (they suck too, but whatever) by confusing them with the‚Ä¶ https://t.co/4Hx279BTMb 
1252708309901225986, _kirbyxo, Tue Apr 21 21:18:29 +0000 2020, -73.754737, 41.026204, @dianarojas_05 with oatmeal they doooo!! üò≠üò≠ u probably think pineapple belongs on pizza huhü•¥ 
1252708310043840512, BiggMoe__, Tue Apr 21 21:18:29 +0000 2020, -76.504644, 39.330278, It‚Äôs been a painful day for me 
1252708310320443393, McKirdyTrained, Tue Apr 21 21:18:30 +0000 2020, -111.635149, 35.182750, @d9monti @HRHSherlock Miss Igo became Mrs Igo-Clark...she was my kindergarten teacher and I was devastated. I was 6. 
1252708310291111936, joedownie5, Tue Apr 21 21:18:30 +0000 2020, -122.031186, 36.979375, Community ü§≤üíõ#Image #Offering #Grateful #Community #TakeOutTuesday #United #SantaCruz #Righteous 
1252708309485998081, GEM212229, Tue Apr 21 21:18:29 +0000 2020, -79.565792, 43.837104, THANKFUL GRATEFUL BLESSEDüå∫üå∫üå∫üå∫üå∫üå∫ https://t.co/qrfK4Sd3ls 
1252708310698135554, ericnic31, Tue Apr 21 21:18:30 +0000 2020, -87.732013, 41.833585, Featuring : @FLAWLESSLUCKI @Chuckisdope @SirMichaelRocks @YvesTumor @KidCudi @BobbyRaps2 @rubyamadelle‚Ä¶ https://t.co/SY7yUZXA4k 
1252708310895083520, bow_bat, Tue Apr 21 21:18:30 +0000 2020, -119.306608, 37.269176, I have a pile of girls bras and clothing that are not mine; and while I‚Äôm proud of this; I really need to return th‚Ä¶ https://t.co/uMTfr96Dbq 
1252708311142629376, SteveSegura16, Tue Apr 21 21:18:30 +0000 2020, -88.554041, 30.364048, I wanna make a tiktok..what are some good ideas ? 
1252708311272763394, wuilopower, Tue Apr 21 21:18:30 +0000 2020, -116.929102, 32.332876, @leobulgarix @Pollas_lefa2 @new_gaywanking @AmateurBBack @GAY__PORNO @CumSh00ters @cumcontrolbcn @C0CKVID19‚Ä¶ https://t.co/G1W6NZMyNx 
1252708311545155584, BigpapaPhelps, Tue Apr 21 21:18:30 +0000 2020, -121.896165, 37.431473, Meet the usoo ‚ùóÔ∏è‚úäüèΩüíØ @Dino_Kahaulelio 
1252708311394398208, SilviaJanuary, Tue Apr 21 21:18:30 +0000 2020, -83.173867, 32.678207, @Bartola_Mechas @ElLibertarioSv @PresidenciaSV @nayibbukele @SaludSV @FranAlabi Y porque no podemos cuestionar al s‚Ä¶ https://t.co/tuyrDCuwca 
1252708311746650112, dadiniowa, Tue Apr 21 21:18:30 +0000 2020, -92.355162, 42.495828, @SoozleMcDoozle @Seth_Kaplan I know.I started to do it... I always want to help and the wife said no.They want‚Ä¶ https://t.co/4wMcCa3HvL 
1252708311801225216, Belmar_NJ, Tue Apr 21 21:18:30 +0000 2020, -74.024400, 40.179700, Let's give a big THANK YOU to the team at Simply Southern for helping out those on the frontline! If you would like‚Ä¶ https://t.co/tOii3V4PwF 
1252708311973146630, AllertonNY, Tue Apr 21 21:18:30 +0000 2020, -73.872100, 40.877800, Allerton NY Tue Apr 21st PM Forecast: TONIGHT Chance Of T-Storm Lo 35 WEDNESDAY Sunny Hi 51 
1252708311457132544, RyanSaloon, Tue Apr 21 21:18:30 +0000 2020, -119.802945, 39.516875, It‚Äôs Takeout Tuesday!  We are open for curbside today from 11AM-10PM!  Don‚Äôt forget to mention our promotion to get‚Ä¶ https://t.co/R3zhbOcgk0 
1252708311754960896, CCortave24, Tue Apr 21 21:18:30 +0000 2020, -118.076746, 33.907251, @Awkweirder (Disney+ does have some good stuff though) https://t.co/6CT4GbQdvJ 
1252708312463880194, kevindotlee, Tue Apr 21 21:18:30 +0000 2020, -96.621634, 32.907642, @mxcnablla AHAHAHAHGA 
1252708312795103232, JVMES4152, Tue Apr 21 21:18:30 +0000 2020, -122.435979, 37.770657, @TheyGotDeej_ @YaboyAnt7 @BigBankBear Wow, you too???? These lies don‚Äôt stop smh 
1252708313176903680, annahchaves, Tue Apr 21 21:18:30 +0000 2020, -75.117998, 40.004866, A√≠ ra√ßa negra, me fazendo beber as 5 da tarde em plena ter√ßa feira! üòÇ #RacaNegraBrahmaLive 
1252708313235668992, abby_kay23, Tue Apr 21 21:18:30 +0000 2020, -96.291649, 30.585471, @JohnMA_24 @TAMU that last picture is one of my favorite spots on the back side of the academic building ü•∫ many wal‚Ä¶ https://t.co/hegjpMQX7P 
1252708313617358854, liyahlili21, Tue Apr 21 21:18:30 +0000 2020, -96.761753, 32.819858, @Js_Diamonds @alexisdsanders1 I better be invited to the wedding and baby shower ü§£ 
1252708313554452481, xDOPEHEADx, Tue Apr 21 21:18:30 +0000 2020, -83.099288, 42.352787, https://t.co/RMkM6CXao8Shop wit cha gremlin ! 
1252708313768136705, italiantrashh, Tue Apr 21 21:18:30 +0000 2020, -118.411907, 34.020789, @iambasichuman How are we friends 
1252708313806114816, PGar58, Tue Apr 21 21:18:30 +0000 2020, -72.689277, 41.323301, @JGHester350 @cannoneerfour If she‚Äôs trying to swing the state to the left it‚Äôs gonna backfire big time. 
1252708313730412544, EricMattoon3, Tue Apr 21 21:18:30 +0000 2020, -114.143262, 45.494552, @realDonaldTrump Should we wait or invest the 4 billion of Ericsson new moneys in the factories we already have man‚Ä¶ https://t.co/2jVLCjJUHm 
1252708314506383362, jbearnicorn, Tue Apr 21 21:18:31 +0000 2020, -122.162294, 37.705044, @Janetellia @victor_bigotes xD 
1252708314871455748, zeeejennny, Tue Apr 21 21:18:31 +0000 2020, -97.754724, 30.323346, HAPPY BIRTHDAY BETZEY ONE OF THE FUNNIEST CUTEST GIRLS (Here‚Äôs an actual picture of her) 
1252708315295072256, test5geo1798, Tue Apr 21 21:18:31 +0000 2020, -118.411907, 34.020789, TEST_GEO_Hierarchy: ffe707df-ac92-4402-8c3f-fc542da03eee 
1252708314984611841, Robert_Pasque, Tue Apr 21 21:18:31 +0000 2020, -82.916217, 42.672327, If anyone saw the news report on Trump supporters waving a Nazi flag at the Michigan rally and thought that‚Äôs not w‚Ä¶ https://t.co/vowrfYskxj 
1252708315563536389, test5geo1798, Tue Apr 21 21:18:31 +0000 2020, -119.306608, 37.269176, TEST_GEO_Hierarchy: 0be7b84e-1ae4-40d0-8d9f-1c09d000e0b3 
1252708315542552576, ToddHall45, Tue Apr 21 21:18:31 +0000 2020, -84.557899, 42.712049, üòÇüòÇüòÇ Go Cowboys! The Worm 
1252708315710324744, TRBLLGHTFLMS, Tue Apr 21 21:18:31 +0000 2020, -83.002085, 42.295065, @bencjenkins https://t.co/U8fMz3LdbX 
1252708316163248129, mrshaqattack, Tue Apr 21 21:18:31 +0000 2020, -71.142156, 42.323239, @RobGronkowski is outta retirement and is gonna be playing for Tampa Buccaneers with @TomBrady @Buccaneers 
1252708317056708610, markzimpelman11, Tue Apr 21 21:18:31 +0000 2020, -86.680738, 32.576227, @JRobertSmith1 Studies show most under 34 live in the big cities as their preference. 
1252708317400571905, I_heart_trek, Tue Apr 21 21:18:31 +0000 2020, -89.830762, 35.431517, @h8Wankmaggot45 @realDonaldTrump He works for free, you uninformed cunt #TrumpNowMoreThanEver 
1252708317505507329, WendySkibinski, Tue Apr 21 21:18:31 +0000 2020, -86.391835, 39.767224, Congratulations, Andy!  Outstanding 
1252708318738595841, _sydneymaddox, Tue Apr 21 21:18:32 +0000 2020, -81.532055, 40.814828, @_rdesk when you have to resort to ‚Äúwomen aren‚Äôt funny‚Äù you clearly aren‚Äôt winning any titles.... it‚Äôs ok though; l‚Ä¶ https://t.co/k8iNGAZv3K 
1252708319183036416, PRstallion78, Tue Apr 21 21:18:32 +0000 2020, -106.417430, 31.793368, What's disturbing is that liberals are still having their satanic sex orgies. But still try to tell us what to do 
1252708319736688641, badbengal12, Tue Apr 21 21:18:32 +0000 2020, -89.876449, 32.571032, @KaylaBraxtonWWE @TripleH HHH returning from his first quad injury too beat Jericho at Wrestlemania. 
1252708319799709696, DiamondNealauto, Tue Apr 21 21:18:32 +0000 2020, -80.926628, 33.631140, @jimnnicksbbq I‚Äôm truly aware of the crisis we are all going thru both with health and finance . I am out of work b‚Ä¶ https://t.co/UdZxFtlqJT 
1252708319342534656, PaulFromNewJers, Tue Apr 21 21:18:32 +0000 2020, -81.367773, 28.501678, https://t.co/xfKvQsbgih 
1252708319871078402, dbwilljr, Tue Apr 21 21:18:32 +0000 2020, -72.618040, 41.762063, @inlovewithaSagg @MidwinCharles @DrJasonJohnson Well, I have heard better singers than Bey. I stand by that. She is‚Ä¶ https://t.co/x06c3vQFu1 
1252708320206483456, LizSaysOyVey, Tue Apr 21 21:18:32 +0000 2020, -118.411907, 34.020789, I‚Äôm trying to use a laptop that uses windows 10 and i literally have no fucking idea how this works. I haven‚Äôt owne‚Ä¶ https://t.co/mPmNU44lBI 
1252708320680513536, kyrawhoo, Tue Apr 21 21:18:32 +0000 2020, -73.831187, 40.670879, @notcassielol cmon j 
1252708320911261697, nicoldelizz, Tue Apr 21 21:18:32 +0000 2020, -81.402347, 28.299371, any links today ? 
1252708320999333894, DanteCollinelli, Tue Apr 21 21:18:32 +0000 2020, -77.604684, 41.117936, @MikeH_Draft Explain Tee Higgins in the first round to me. 
1252708320995168258, _coach48, Tue Apr 21 21:18:32 +0000 2020, -87.570600, 38.353600, Me being told we‚Äôre under a lockdown but seeing a lot of people come to shop at stores @ Princeton, Indiana https://t.co/yKCnZtGnVj 
1252708321234087936, StanleyCohenLaw, Tue Apr 21 21:18:32 +0000 2020, -77.264340, 39.170112, @nycjim @mutalabala Lunacy. The earth is flat. Marbury v. Madison redux , , , variation. 
1252708321309741058, TJ40in1975, Tue Apr 21 21:18:32 +0000 2020, -97.094506, 32.846237, @CallingDrLove69 No 
1252708321376772102, DianeB31, Tue Apr 21 21:18:32 +0000 2020, -74.724323, 40.073041, @msalisa315 You can do it!! üí™üèªüí™üèª 
1252708321598902272, a23_x6, Tue Apr 21 21:18:32 +0000 2020, -117.851089, 33.842863, @razzaq_als ÿßÿ∞ÿß ÿ®ŸÜŸÜÿ∑ÿ±ŸáŸÖ ŸäÿµŸäÿ±ŸàŸÜ ÿßŸàÿßÿØŸÖ ŸÖÿßÿ±ÿßÿ≠ ŸÜÿ±ÿ¨ÿπ ÿÆŸäÿ± ÿ¥ÿ± 
1252708320625991680, JordanBGDN, Tue Apr 21 21:18:32 +0000 2020, -86.435508, 36.965671, Big thanks to @TrendyButler for keeping me clothed during quarantine! Look your best for just $65 a month! https://t.co/KM1aprSndW 
1252708321041231875, bradmoore501, Tue Apr 21 21:18:32 +0000 2020, -92.131274, 34.751936, @BlakeAnderson @1sam91 @knoxvilleraces @TerryMccarl24 @BrianBrown21 @1sam91 50th Knoxville Winner https://t.co/yBcEk7KciD 
1252708322333151232, Shestayfabulous, Tue Apr 21 21:18:32 +0000 2020, -75.117998, 40.004866, I‚Äôm glad LA Fitness froze my account without me asking 
1252708322370899973, NanetteDonnelly, Tue Apr 21 21:18:32 +0000 2020, -88.456569, 42.587255, @FairStability @PacificReports @realDonaldTrump He kept tweeting to AOC, I kept informing him she'd never sleep wit‚Ä¶ https://t.co/N2qBoqxi5I 
1252708321905295365, sweetlilbaby666, Tue Apr 21 21:18:32 +0000 2020, -87.980668, 41.887738, it‚Äôs happening,, i‚Äôm WILTING https://t.co/zdcfsMX2kf 
1252708322563801090, BalmvilleNY, Tue Apr 21 21:18:32 +0000 2020, -74.049100, 41.539100, Balmville NY Tue Apr 21st PM Forecast: TONIGHT Chance Of T-Storm Lo 29 WEDNESDAY Sunny Hi 49 
1252708322702233605, troywhitty, Tue Apr 21 21:18:32 +0000 2020, -91.401008, 30.937336, Let's go throw some fucking passes @TomBrady @RobGronkowski I'm on my way to TPA we fly @Delta 
1252708322928541697, virgilvox, Tue Apr 21 21:18:33 +0000 2020, -112.124676, 33.552863, If you say ‚ÄúFreeRTOS‚Äù three times, somewhere, an SA gets their certs. 
1252708322882531329, ReaganBaseball, Tue Apr 21 21:18:33 +0000 2020, -80.358097, 25.703946, üëè Coach Pennucci and @ETSU_Baseball GREAT GUY!!! 
1252708323033403392, AngelPevensey, Tue Apr 21 21:18:33 +0000 2020, -89.161993, 37.743560, Another yummy freeze @ Shell https://t.co/U7eQOP6NmP 
1252708323285237760, Mavolant, Tue Apr 21 21:18:33 +0000 2020, -79.420865, 38.003376, @CoZella_ Lazard Lol! 
1252708323830480898, LouisPoulin18, Tue Apr 21 21:18:33 +0000 2020, -98.540651, 29.417501, @DonaldJTrumpJr She doesn't care about anything but herself!!! 
1252708323541094408, SamuraiBlvck, Tue Apr 21 21:18:33 +0000 2020, -93.809434, 32.461107, @chandler0range Can‚Äôt see how ugly I am if ya eyes closed from laughing https://t.co/vMMMZygSxZ 
1252708323557867520, JeffTheTank27, Tue Apr 21 21:18:33 +0000 2020, -79.861034, 35.170499, @kridentagg @GhostRevives @xxatomantxx @mrlegday @TerribadTech @AceBro23 @TheMaestro317 @kodofwar @_ShayneDaMane https://t.co/efHlHo2hnY 
1252708324023427074, MR_DOGIE, Tue Apr 21 21:18:33 +0000 2020, -95.446486, 29.838495, @nuvvaves Me too üòó 
1252708324577075203, HervGotti, Tue Apr 21 21:18:33 +0000 2020, -71.088712, 42.313670, @Papi__SB @Casino_KOR https://t.co/glUETjHS4Q 
1252708324690149376, jaythesedays, Tue Apr 21 21:18:33 +0000 2020, -118.411907, 34.020789, @ClicheleS @milaameliamatye @H_neydipped @merlanaq @Skyline_Horizon @SlytherinBiitch @female_fire @jugodeava I work‚Ä¶ https://t.co/VMAFYT9WWq 
1252708324472246272, iAM_RodWill, Tue Apr 21 21:18:33 +0000 2020, -93.809434, 32.461107, https://t.co/UGi5VLf4Q8 
1252708325772361731, ForumToyota, Tue Apr 21 21:18:33 +0000 2020, -97.285913, 32.779967, @bsmediatx What's the price tag?  #camping #rv 
1252708326363869185, PCDanKohn, Tue Apr 21 21:18:33 +0000 2020, -88.393439, 44.278243, @JacobWestendorf @sportsschmitty @JasonPerone @Paul_Bretl @IanKenyonNFL @ZachAJacobson_ @DKalltheway @SpiderAuthor‚Ä¶ https://t.co/55s5Ozlwde 
1252708325520740357, Reggie_BofM, Tue Apr 21 21:18:33 +0000 2020, -86.350972, 41.824229, My friends and I are ready to go outside and play!! #sockmonkey #sockmonkeys #sewing #smallbusiness #buchanan‚Ä¶ https://t.co/YMoJJDPR42 
1252708326523039744, MarieBGee, Tue Apr 21 21:18:33 +0000 2020, -122.630908, 45.536402, @betteronpage @AITA_reddit I have a friend who is allergic to cats. He adopted two cats, and he gets shots. This guy is a POS. 
1252708326351056896, ILikeThePadres, Tue Apr 21 21:18:33 +0000 2020, -117.104989, 32.810012, @taylorswiftinsd Great job being a responsible citizen! https://t.co/evqnAiUIoQ 
1252708326691024898, AustinBlansett1, Tue Apr 21 21:18:33 +0000 2020, -89.876449, 32.571032, @Corey141 I gotcha so he retired with time still on his deal. That makes sense. 
1252708326170902528, MrsChelsieGrant, Tue Apr 21 21:18:33 +0000 2020, -77.479582, 39.086942, Stepping WAY OUT of my comfort zone today by baking from scratch with @FBCookieCrate‚Äôs April carrot cake cookie san‚Ä¶ https://t.co/xrgbLjr7xM 
1252708327349510146, maubat1, Tue Apr 21 21:18:34 +0000 2020, -82.435320, 27.289833, #RacaNegraBrahmaLive  so saudades, coisa boa nunca sai de moda! Parab√©ns pela iniciativa das lives. 
1252708327366316036, greg_doucette, Tue Apr 21 21:18:34 +0000 2020, -79.861034, 35.170499, This is a brutal, heart-wrenching, eloquent piece 
1252708327567560705, xonicolette1, Tue Apr 21 21:18:34 +0000 2020, -78.740213, 42.960616, Wow üòÇüòÇüòÇ 
1252708327605317632, iskandrah, Tue Apr 21 21:18:34 +0000 2020, -89.235543, 37.464488, Thank you @WIGOPSenate and @JoeBiden 
1252708327907352577, FlorrieHealey, Tue Apr 21 21:18:34 +0000 2020, -84.235517, 32.076718, @TheDailyShow Return the money you den of thieves 
1252708328003612672, addamariss, Tue Apr 21 21:18:34 +0000 2020, -120.758387, 37.639515, @SerratoJocelyn HELL YES YOU DOüòÇüòÇ 
1252708329199144963, PammyMoncada, Tue Apr 21 21:18:34 +0000 2020, -73.948775, 40.655138, When my socks don‚Äôt match I feel physically ill 
1252708329454886912, CheetahObscura, Tue Apr 21 21:18:34 +0000 2020, -122.330602, 47.614817, @AndySnowLeopard This will work until I can figure out how to reset this thing! X3 
1252708329702350848, MitchJazz5, Tue Apr 21 21:18:34 +0000 2020, -111.858398, 33.639340, No fucking way 
1252708329811587074, thugspov, Tue Apr 21 21:18:34 +0000 2020, -95.446486, 29.838495, @kananinani__ for my funeral I want everything blue. 
1252708330130169856, Armando_Juarez4, Tue Apr 21 21:18:34 +0000 2020, -117.104989, 32.810012, ‚ÄúBeen thinking bout home actually‚Äù 
1252708329970905090, eaglesnest365, Tue Apr 21 21:18:34 +0000 2020, -77.604684, 41.117936, Interesting read especially on the @Eagles official page .. Basically we prefer Jefferson over jeudy but really lik‚Ä¶ https://t.co/XU5TRswac8 
1252708330776166401, MrMilla88, Tue Apr 21 21:18:34 +0000 2020, -83.173867, 32.678207, @SwopeDza where franklin dad came fromüòÇ 
1252708330742611969, TheNoorIbrahim, Tue Apr 21 21:18:34 +0000 2020, -78.328113, 44.314790, Black‚Äôs distillery in East City is making hand sanitizers. Theyre looking for any monterary donations + bottle manu‚Ä¶ https://t.co/byewuobw7y 
1252708330998583301, BaychesterNY, Tue Apr 21 21:18:34 +0000 2020, -73.846900, 40.868300, Baychester NY Tue Apr 21st PM Forecast: TONIGHT Chance Of T-Storm Lo 35 WEDNESDAY Sunny Hi 51 
1252708331082453001, JeanieOsc, Tue Apr 21 21:18:34 +0000 2020, -71.472206, 42.536425, @tonyposnanski Chocolate caramel chunk with cashews. (If I get a choice, I‚Äôm pulling out all the stops.). üòâüòÇüòÇ 
1252708331543805960, tommyzografos, Tue Apr 21 21:18:35 +0000 2020, -83.373349, 42.397315, Woo!! 
1252708331594166272, presti71, Tue Apr 21 21:18:35 +0000 2020, -77.014398, 38.898603, @andysignore I'm just catching up, so are we still screaming at you in ALL CAPS about the Snyder Cut? Or have we mo‚Ä¶ https://t.co/yLal2DYA04 
1252708331795308544, Pasquale5k, Tue Apr 21 21:18:35 +0000 2020, -118.480420, 34.022688, @DRUDGE You are a very good man. We need you Now.Dr.Buttar is an American HeroPlease share this https://t.co/uekM3tPASA 
1252708331170549763, DarrylHutton, Tue Apr 21 21:18:35 +0000 2020, -80.546916, 43.482152, Magicians both young and old with no gigs in sight have to diversify and look towards past friends. https://t.co/5kJIn99Jxa 
1252708332433006599, ilani_right, Tue Apr 21 21:18:35 +0000 2020, -83.574671, 41.656590, @KatieTersigni14 üôÑ 
1252708332315348992, _luellaaa_, Tue Apr 21 21:18:35 +0000 2020, -117.104989, 32.810012, I ain‚Äôt lie 
1252708332642562048, DeeLew80, Tue Apr 21 21:18:35 +0000 2020, -120.882482, 47.273022, Boo 
1252708332940308480, bonnevivante, Tue Apr 21 21:18:35 +0000 2020, -122.330602, 47.614817, Bio on FB: ‚ÄúI do not watch TV, just online streaming.‚ÄùIf üëèüèª you üëèüèª watch üëèüèª online üëèüèª streaming üëèüèª you üëèüèª are üëèüèª watching üëèüèª TV. üôÑ 
1252708333112512519, giselefetterman, Tue Apr 21 21:18:35 +0000 2020, -79.869133, 40.402198, @diabolikousa @PAHealthDept ü•∞üíïüôèüèΩ 
1252708333162688512, tmj_GA_schn, Tue Apr 21 21:18:35 +0000 2020, -84.752448, 34.196873, We're hiring in #Cartersville, GA! Click the link in our bio to apply to this job and more: Team Lead - Part-Time a‚Ä¶ https://t.co/tWj04K8uZu 
1252708333435453443, clarkejeffrey, Tue Apr 21 21:18:35 +0000 2020, -77.101999, 38.880845, @ZekeJMiller @debates Debates should be easy.  If necessary can the audience.... In fact, can them anyway.  They were just a distraction. 
1252708333548720131, docnolz, Tue Apr 21 21:18:35 +0000 2020, -80.619743, 35.488202, @amberella06 I can see Nascar or even baseball playing without fans. But how can you have an NFL season with no fan‚Ä¶ https://t.co/hBbGRjmMYI 
1252708333368328195, BrandonGBlake, Tue Apr 21 21:18:35 +0000 2020, -87.308727, 30.462642, https://t.co/RFOPsaXtTb https://t.co/0Bw2d8u9rB 
1252708333955547136, BigHomieKODAQ, Tue Apr 21 21:18:35 +0000 2020, -83.173867, 32.678207, Bootcut Bron 
1252708333863256065, alex_mcdowell, Tue Apr 21 21:18:35 +0000 2020, -86.142922, 39.779562, It‚Äôs official üò© https://t.co/FnF2WQ1X3A 
1252708334341361666, chelseasilerr, Tue Apr 21 21:18:35 +0000 2020, -84.047553, 39.727936, @skylerrrrrrj You deserve endless good days, babygirl. Never forget that. 
1252708334748262403, Timbo_Slice_93, Tue Apr 21 21:18:35 +0000 2020, -87.747965, 43.748559, @MingoFresh And Harambe was alive 
1252708334869852162, Brentwood_NY, Tue Apr 21 21:18:35 +0000 2020, -73.252000, 40.783700, Brentwood NY Tue Apr 21st PM Forecast: TONIGHT Chance Of T-Storm Lo 35 WEDNESDAY Sunny Hi 51 
1252708334970511363, davefeinman, Tue Apr 21 21:18:35 +0000 2020, -77.118503, 38.981337, ouch 
1252708335138279426, bellttrannnnnn, Tue Apr 21 21:18:35 +0000 2020, -82.432361, 28.076861, odio maquillarme odio sentir tanta base tanta chit en mi cara me desespera 
1252708335050084352, rbollinger73, Tue Apr 21 21:18:35 +0000 2020, -110.915573, 32.189391, @Scottcrates Math is not America's strongest subject nor is science. But maybe 20% will understand. We already know‚Ä¶ https://t.co/DqgY6Z39U7 
1252708335058423808, TylerLizola, Tue Apr 21 21:18:35 +0000 2020, -119.306608, 37.269176, Yo @ImSimplyCC new banger for you 
1252708335742320645, Itz_AriYT, Tue Apr 21 21:18:36 +0000 2020, -74.724323, 40.073041, @devinplayscod Atleast hopefully they‚Äôll make the playoffs wish he went to the jets tho 
1252708335989727234, Dylan_Moye, Tue Apr 21 21:18:36 +0000 2020, -80.122619, 26.721896, @Lafur25 Smoke more weedü§£üôåüèª 
1252708336232873984, Kassern1, Tue Apr 21 21:18:36 +0000 2020, -119.293819, 34.392700, WTF? Trump in the Executive office refuses to take responsibility for supporting the States and yet Barr thinks he‚Ä¶ https://t.co/pz6vDhS0Jk 
1252708336241463296, ShannGiordano, Tue Apr 21 21:18:36 +0000 2020, -71.444316, 42.196617, 7 Brands With Brilliant Facebook Marketing Strategies, and Why They Work https://t.co/VbObpu5Yoa via @HubSpot @daynetopkin 
1252708336069496832, UlyssesOfOmaha, Tue Apr 21 21:18:36 +0000 2020, -96.062561, 41.177450, @realDonaldTrump stuffed crust https://t.co/HAqmY57rPO 
1252708337021603845, Pjeezy67, Tue Apr 21 21:18:36 +0000 2020, -76.300383, 40.039951, @bropez11 @Cfisher15 Aye man I ain‚Äôt shy away from the convo ü§∑üèæ‚Äç‚ôÇÔ∏èüòÇ 
1252708337231290370, kinsonalley, Tue Apr 21 21:18:36 +0000 2020, -79.913521, 43.260695, Did someone forget to tell Mother Nature that it‚Äôs April?! STOP SNOWING! #HamOnt 
1252708337243873280, GregTompsett, Tue Apr 21 21:18:36 +0000 2020, -83.173867, 32.678207, @moose7766 @TCBILLS_Astro @NCSportscast716 @Charlie_Gross_ @swailes_robert How many players had 1674 yds from scrimmage last year? 
1252708337533063168, infosrv, Tue Apr 21 21:18:36 +0000 2020, -74.204900, 40.767300, [06:18:36] 159.89.154.87:40087 &gt;&gt; :12706 (TCP:SYN) 
1252708337705238533, DonniePiccardi6, Tue Apr 21 21:18:36 +0000 2020, -81.705467, 41.495940, @anuissavage My dog 
1252708338611060737, shellystrick4L, Tue Apr 21 21:18:36 +0000 2020, -83.173867, 32.678207, Ran out of AriZona green tea...AGAIN 
1252708338447667201, DbuElijah, Tue Apr 21 21:18:36 +0000 2020, -97.011168, 32.655678, Yessir! It‚Äôs up there lil bro keep goin üñ§üíØ 
1252708337885622274, catchmekarmaa, Tue Apr 21 21:18:36 +0000 2020, -97.130289, 33.634366, June 1 gonna be poppin. #WERKK drops with a music video üè≥Ô∏è‚Äçüåàüëèüî•‚ù§Ô∏èüëΩ https://t.co/Mm23nkXHx6 
1252708338762231810, jenzy75, Tue Apr 21 21:18:36 +0000 2020, -89.266508, 39.739300, @HossasBitch81 @NikkiBirnks Nope 
1252708339055804419, realgwjoy, Tue Apr 21 21:18:36 +0000 2020, -79.420865, 38.003376, @Daytobehappy @MicheleKozal I've been going out everyday. Truck driver. No mask. No cough. No fever. No problem. It's all horseshit 
1252708340007874567, BriarwoodNY, Tue Apr 21 21:18:37 +0000 2020, -73.809900, 40.700600, Briarwood NY Tue Apr 21st PM Forecast: TONIGHT Partly Cloudy Lo 31 SATURDAY Sunny Hi 41 
1252708340075057154, yosoyhannahh, Tue Apr 21 21:18:37 +0000 2020, -89.164310, 30.357468, LOL who does he think I am tho 
1252708339886235649, TeriatHeart, Tue Apr 21 21:18:37 +0000 2020, -76.069946, 36.802541, We truly have the best volunteers across all aspects of our organization. It means so much that you pour your heart‚Ä¶ https://t.co/npv2ZkqfWc 
1252708340163137538, BigCoachMo, Tue Apr 21 21:18:37 +0000 2020, -83.804475, 27.698682, @thEMANacho @BossWard43 Brady trying to be the first to play SB in home stadium and really cement that GOAT tag 
1252708340326715392, catchmekarmaa, Tue Apr 21 21:18:37 +0000 2020, -97.130289, 33.634366, üòÇüòÇüòÇüòÇüòÇüòÇ 
1252708340427141120, paulgarxia, Tue Apr 21 21:18:37 +0000 2020, -118.411907, 34.020789, @berthamariaD @malcolm_sv https://t.co/d4dwVduudR 
1252708340704165889, MikeSciandra, Tue Apr 21 21:18:37 +0000 2020, -96.696562, 40.803235, @USC1620 @joshtweeterson @JohnBishop71 Everyone's dream of the Fox Business Channel becoming the all Husker Network‚Ä¶ https://t.co/eUAo236nb7 
1252708341320527874, BizyMike, Tue Apr 21 21:18:37 +0000 2020, -118.048242, 34.046252, I miss the streets. 
1252708341144526850, BretBrillante, Tue Apr 21 21:18:37 +0000 2020, -81.367773, 28.501678, I‚Äôm laughing now until New England uses that extra 4th in a package to trade up for Tua #NFLDraft 
1252708341362634752, anthony_dauer, Tue Apr 21 21:18:37 +0000 2020, -77.209915, 38.838527, Just as Mr Roger‚Äôs wise mother said, look for the helpers. They may appear where you least expect them like... @steak_umm 
1252708341702328320, Dmar_Smitty, Tue Apr 21 21:18:37 +0000 2020, -71.421832, 41.817084, @__alexanderial Ain‚Äôt running to no other drug tho but I miss getting high high 
1252708341849210881, k1ngVeNoMM, Tue Apr 21 21:18:37 +0000 2020, -118.411907, 34.020789, @Sandee_King22 Yo wassup gorly 
1252708342163738625, _joshuaaaaaa, Tue Apr 21 21:18:37 +0000 2020, -83.173867, 32.678207, Wish this damn beard would grow in already üôÑü•¥ 
1252708342528647169, chylabyla, Tue Apr 21 21:18:37 +0000 2020, -84.022463, 39.806916, @cooljay_ Depends on what it is ü§∑üèæ‚Äç‚ôÄÔ∏è 
1252708342226653184, ThirstyRando, Tue Apr 21 21:18:37 +0000 2020, -97.174593, 40.195465, @Brandi_Russell https://t.co/hufRtcWkBM 
1252708343191347200, _BronxNY, Tue Apr 21 21:18:37 +0000 2020, -73.923500, 40.820800, Bronx NY Tue Apr 21st PM Forecast: TONIGHT Chance Of T-Storm Lo 35 WEDNESDAY Sunny Hi 51 
1252708343157870598, CoronaDiamandis, Tue Apr 21 21:18:37 +0000 2020, -73.831187, 40.670879, @TheJamHutt GORL, I‚Äôm an aries and hyper competitive. 
1252708342847418371, DazLeOne, Tue Apr 21 21:18:37 +0000 2020, -73.948775, 40.655138, Only available until midnight! https://t.co/jtM7sla6qh 
1252708343501602816, rebel7449, Tue Apr 21 21:18:37 +0000 2020, -118.411907, 34.020789, @carynrose @LowCutConnie The sound is remarkable. 
1252708343480750081, ryan_kolby, Tue Apr 21 21:18:37 +0000 2020, -97.973779, 29.574387, @GSXRCLYDE  @Bungie  didn‚Äôt get my bungie bounty emblem but my friends who did the bungie bounty the next day got t‚Ä¶ https://t.co/QavQVIryEb 
1252708343669575681, JHoward_21, Tue Apr 21 21:18:37 +0000 2020, -87.798147, 41.565971, @Richp1k Happy Bday My Dawg 
1252708343954788352, ayysydnayyy, Tue Apr 21 21:18:38 +0000 2020, -77.006645, 34.663865, @oliviapopp12 except my luv for u ‚ù§Ô∏è 
1252708344386605056, californiajayy, Tue Apr 21 21:18:38 +0000 2020, -122.435979, 37.770657, @Nevababe lmao respectable bangers &amp; t. rez dancing ! 
1252708344277524482, WeSingLA, Tue Apr 21 21:18:38 +0000 2020, -118.244500, 34.056400, It‚Äôs #NationalKaraokeWeek and our team at @UKaraoke has a bunch of fun stuff planned for all our awesome karaoke co‚Ä¶ https://t.co/mNJRxHIgDj 
1252708344114098176, tashawnjones_, Tue Apr 21 21:18:38 +0000 2020, -80.846785, 35.209059, @AdamCilley Probably Denver. We love the Patriots scraps. https://t.co/PgL0nwE9Jw 
1252708344667594753, iam_JC1, Tue Apr 21 21:18:38 +0000 2020, -96.761753, 32.819858, @Rashelle0 @Nella_Vava @NEG_BENE_A @BlanYouyou @glinaud Wi. 
1252708344609062916, SG_Lucey, Tue Apr 21 21:18:38 +0000 2020, -70.778783, 43.056114, Love to see some of the @NLC_NH family participating in this panel #nlcfamily 
1252708345003175936, officialGramps, Tue Apr 21 21:18:38 +0000 2020, -120.583402, 44.145437, @dori_shobert ‚ù§Ô∏ènever 
1252708344957149193, fxwright, Tue Apr 21 21:18:38 +0000 2020, -71.054316, 42.457414, Got an email from the Red Cross saying my Power Red blood donation went to NYC. Giving blood saves lives. Join me.‚Ä¶ https://t.co/6aoM4E9Z2h 
1252708345364045829, marquongaines, Tue Apr 21 21:18:38 +0000 2020, -81.520478, 41.588460, Mannnn whattttt 
1252708345691156483, wasup_slime, Tue Apr 21 21:18:38 +0000 2020, -76.255686, 36.895082, @timid_tim Oh fosho üêê Brady, gotta support 
1252708345666048006, erinm_hug, Tue Apr 21 21:18:38 +0000 2020, -78.656897, 43.011436, Riley: Mom, there‚Äôs so much stress on me. Me (slightly concerned): What stress is on you?Riley: I have to figure‚Ä¶ https://t.co/2YrW6u4BKk 
1252708346307600384, TinaCasola, Tue Apr 21 21:18:38 +0000 2020, -117.166816, 33.138742, @nbcsandiego Fantastic... Closed floors and laid off staff with appreciate it. How about supplies for the general p‚Ä¶ https://t.co/Qzf0A2H9i3 
1252708346865553408, BellaTia, Tue Apr 21 21:18:38 +0000 2020, -80.138645, 26.251895, Yuall I finally had my hot honey garlic chicken wings üôÉ 
1252708346685095937, JimenaBauer, Tue Apr 21 21:18:38 +0000 2020, -100.366033, 25.650287, @sagicp91 https://t.co/TZ72lHiwQZ 
1252708348073594886, thedcregulator, Tue Apr 21 21:18:39 +0000 2020, -79.420865, 38.003376, @BobbyM62 @ForsythMac @CoachHale3311 @GovernorVA He‚Äôs talking about the Recall vote next month ... 
1252708348106924032, TeeJayToday, Tue Apr 21 21:18:39 +0000 2020, -98.795694, 32.402166, Ready for a new truck, text me at 3252360504 #ram #truck #4x4 #pickup @ Blake Fulenwider Eastland CDJR https://t.co/YyxCUSlbp0 
1252708348027301888, margizzzle, Tue Apr 21 21:18:39 +0000 2020, -118.167272, 33.804261, https://t.co/ujV233h29b 
1252708349407346688, MVPenergy, Tue Apr 21 21:18:39 +0000 2020, -97.285913, 32.779967, Amazing. The Redcoats have a (D) next to their name on the ballot. 
1252708349977690118, BruceFaulkner10, Tue Apr 21 21:18:39 +0000 2020, -83.804475, 27.698682, @ScottDAmore @IMPACTWRESTLING @axs Will you guys be airing online? Twitch? I‚Äôm on a cruise ship for the foreseeable‚Ä¶ https://t.co/gJYLpQ4UCp 
1252708350434869252, conservcurmudg1, Tue Apr 21 21:18:39 +0000 2020, -97.343915, 37.683897, @Daytobehappy @Michigandeplor2 I'm  an American. I'm  not afraid of my own shadow. Nutup America. 
1252708350678257665, SaiyanEra, Tue Apr 21 21:18:39 +0000 2020, -71.315972, 41.487167, @90sway He‚Äôs on my ass üòÇ 
1252708351051522050, MojoMoomey, Tue Apr 21 21:18:39 +0000 2020, -93.767755, 41.032933, @TheKingKillah Hmmm... 
1252708350955081733, GahDamnNick, Tue Apr 21 21:18:39 +0000 2020, -83.173867, 32.678207, Ayyyyyfucking yo 
1252708351114448903, _Brooklyn_NY, Tue Apr 21 21:18:39 +0000 2020, -73.990200, 40.694400, Brooklyn NY Tue Apr 21st PM Forecast: TONIGHT Chance Of T-Storm Lo 35 WEDNESDAY Sunny Hi 51 
1252708351399432192, Michael_Voter, Tue Apr 21 21:18:39 +0000 2020, -122.030365, 37.529056, @angietheestiee @tbeck300 Yes Roanoke was way better üòÇ 
1252708351374503939, claudybee, Tue Apr 21 21:18:39 +0000 2020, -73.968542, 40.780709, @eurenesilva ‚ù§Ô∏è‚ù§Ô∏è‚ù§Ô∏è 
1252708351353421824, OlskoolSC, Tue Apr 21 21:18:39 +0000 2020, -80.158250, 25.915631, #kn95facemask dm for immediate delivery #wholesaleopportunitiesavailable #maskoff @ CL-95 Inc. https://t.co/qUpOEtN44J 
1252708352003579906, pongeebeats, Tue Apr 21 21:18:39 +0000 2020, -83.026989, 42.492846, Dropped a tape‚ùóÔ∏è #LofiHipHop #boombap #chillhop #phonk https://t.co/eUGEVDKzDl 
1252708351978373120, RNkimy, Tue Apr 21 21:18:39 +0000 2020, -76.858238, 39.095843, ü§£ü§£ü§£ü§£üòÇ 
1252708352167153664, ShaadLewis_, Tue Apr 21 21:18:40 +0000 2020, -84.433106, 33.767195, I‚Äôm optimistic about everything but I‚Äôm also realistic . 
1252708352649560064, JCalynnArt, Tue Apr 21 21:18:40 +0000 2020, -76.920117, 38.603521, @ScarboroughTWTC @JesseKage @WWEBrayWyatt @WWEShop @CWrestlingUK It looks cool!üòÖ 
1252708353232400384, mattblively, Tue Apr 21 21:18:40 +0000 2020, -119.025163, 35.346902, @eg720 @PriscoCBS The Bucs unexpectedly get the most productive guy Brady has ever thrown to for a pick that has le‚Ä¶ https://t.co/xeupQoIAo8 
1252708353228275712, chinchlady701, Tue Apr 21 21:18:40 +0000 2020, -95.770195, 36.039305, so i have some squash and i normally saut√© them but i‚Äôm gonna do half saut√©ed and half baked in the oven? are they‚Ä¶ https://t.co/ArrWIKwKdr 
1252708353396158468, Legendaryladman, Tue Apr 21 21:18:40 +0000 2020, -71.911991, 41.784115, two of my current favorite things. it‚Äôs...its... GLORIOUS!!! 
1252708353870086146, DaKidLeak, Tue Apr 21 21:18:40 +0000 2020, -74.466483, 40.551770, Ima patriots fans always, but im rootin for the Bucs wheneva they play. 
1252708353152708609, nicasoy505, Tue Apr 21 21:18:40 +0000 2020, -77.209915, 38.838527, - ¬øY vos c√≥mo te ves despu√©s de la cuarentena?- Yo: https://t.co/jYH7OQ8E5U 
1252708354117558272, HalosMusic, Tue Apr 21 21:18:40 +0000 2020, -83.804475, 27.698682, I just be trying to stay in my lane 
1252708354285359105, heatherlarson, Tue Apr 21 21:18:40 +0000 2020, -97.343915, 37.683897, @Deb_Farris is having a Zoom about heart ‚ù§Ô∏è health at 7:00 üïñ and you can watch on our @KAKEnews Facebook. She‚Äôs bee‚Ä¶ https://t.co/lRx6BgBoE9 
1252708354725523456, danda49erfan, Tue Apr 21 21:18:40 +0000 2020, -121.280423, 38.579524, @EmilyRight3 FML 
1252708355132579844, estefanieTMC, Tue Apr 21 21:18:40 +0000 2020, -100.076888, 31.168893, @naturallytori NiceüòÆ 
1252708355308650502, TorHerHeart, Tue Apr 21 21:18:40 +0000 2020, -77.604684, 41.117936, That shit annoys Virgo Men 
1252708355900092423, MsRobinson_72, Tue Apr 21 21:18:40 +0000 2020, -80.631900, 28.115000, Say whaaaaaaat??? It‚Äôs your birthday?!?! Shouting out huge HAPPY BIRTHDAY wishes to you Nikki!!! mrst233 you are on‚Ä¶ https://t.co/r0EenjCD23 
1252708355992420352, CaterToCuhfs, Tue Apr 21 21:18:40 +0000 2020, -84.433106, 33.767195, Catharsis didnt say not one word this whole fight i hate this nigga üòÇ 
1252708357011640323, libra_0929_, Tue Apr 21 21:18:41 +0000 2020, -85.978600, 35.830522, 17 days until the professionally put together slide show ü•≥üë©üèΩ‚Äçüéì‚ú® #May9th https://t.co/fB8VZ1UPiN 
1252708357485494273, lfeld52, Tue Apr 21 21:18:41 +0000 2020, -96.696562, 40.803235, Shoutout to my Lux Middle School Family https://t.co/XX56sYyXzC #lnk #lpsorg #lpscompsci 
1252708358064410624, kyxdoll, Tue Apr 21 21:18:41 +0000 2020, -90.011008, 29.982601, not even close with family why tf would I want friends 
1252708358269919232, Tatyanaa_t, Tue Apr 21 21:18:41 +0000 2020, -81.566505, 41.514008, I hope it‚Äôs no line for chipotle 
1252708358680981505, theonlyjmv, Tue Apr 21 21:18:41 +0000 2020, -73.968542, 40.780709, @superboy8500 So handsome 
1252708359050059780, _thefullpackage, Tue Apr 21 21:18:41 +0000 2020, -80.244984, 36.087169, I don‚Äôt think I‚Äôll ever get this. Especially anytime soon 
1252708359251394563, pipandbaby, Tue Apr 21 21:18:41 +0000 2020, -72.455370, 41.297423, @KerJTalit @MrsRotnjetski TOO LATE 
1252708359460904960, bomdiajosh, Tue Apr 21 21:18:41 +0000 2020, -122.452698, 37.678780, I'm super excited! And even more excited for the new markets we will see this coming year! #WeWontSTOP #NewTMobile 
1252708359503056898, MichelleLBaker, Tue Apr 21 21:18:41 +0000 2020, -86.145320, 39.583039, Thanks for all YOU do @chriscola! 
1252708359532314625, BernadeiaJ, Tue Apr 21 21:18:41 +0000 2020, -93.340756, 45.108096, @citizenstewart @joshcrosson The results was an increase of SOC in advance placement courses; high expectation with high supports. 
1252708359666634759, 243Christivie, Tue Apr 21 21:18:41 +0000 2020, -75.800141, 45.248791, Le regard des gens ne dois pas influencer nos r√™ves et ce que l‚Äôon est #reveplusgrand 
1252708359846817792, PaulaHZimmerma2, Tue Apr 21 21:18:41 +0000 2020, -122.435979, 37.770657, @BevanDufty Happening now: a group of street people pulled down half of the fences around the 16th Street BART Plaz‚Ä¶ https://t.co/5q69UQh9TM 
1252708360614563840, hoffsbeefs, Tue Apr 21 21:18:42 +0000 2020, -90.247824, 38.653771, @michalnaka @Tweetermeyer The hype is good. What are they going to under deliver? 
1252708360765542401, BrunswickNY, Tue Apr 21 21:18:42 +0000 2020, -73.604900, 42.747800, Brunswick NY Tue Apr 21st PM Forecast: TONIGHT Chance Of Showers Lo 29 WEDNESDAY Mostly Sunny Hi 45 
1252708360622923792, jp_773, Tue Apr 21 21:18:42 +0000 2020, -87.732013, 41.833585, Do we think enough about the person that designed wrestling singlets and, furthermore, the person that made them wh‚Ä¶ https://t.co/n9sOfiLjyN 
1252708359247147008, Northmen_Cval, Tue Apr 21 21:18:41 +0000 2020, -94.559281, 39.100048, #touristtuesdayWhen I‚Äôm not with the OP fam my favorite place to be a ‚Äútourist‚Äù on the golf course. Especially whe‚Ä¶ https://t.co/X9JS56nXhZ 
1252708361021222912, jdress51, Tue Apr 21 21:18:42 +0000 2020, -118.076746, 33.907251, Pizza üòÇ 
